-- Inserir 100 livros fictícios adicionais na tabela livros
INSERT INTO livros (id, cod, titulo, autor, preco)
VALUES
  (201, 1201, 'A Revolução dos Bichos', 'George Orwell', '22.00'),
  (202, 1202, 'O Hobbit', 'J.R.R. Tolkien', '28.00'),
  (203, 1203, 'O Alquimista', 'Paulo Coelho', '25.00'),
  (204, 1204, 'As Crônicas de Nárnia', 'C.S. Lewis', '30.00'),
  (205, 1205, 'Crime e Castigo', 'Fiódor Dostoiévski', '35.00'),
  (206, 1206, 'O Iluminado', 'Stephen King', '40.00'),
  (207, 1207, 'Os Miseráveis', 'Victor Hugo', '45.00'),
  (208, 1208, 'A Metamorfose', 'Franz Kafka', '20.00'),
  (209, 1209, 'O Código Da Vinci', 'Dan Brown', '32.00'),
  (210, 1210, 'O Sol é para Todos', 'Harper Lee', '27.00'),
  (211, 1211, 'Matar um Rouxinol', 'Harper Lee', '27.00'),
  (212, 1212, 'O Nome do Vento', 'Patrick Rothfuss', '38.00'),
  (213, 1213, 'Memórias Póstumas de Brás Cubas', 'Machado de Assis', '26.00'),
  (214, 1214, 'O Retrato de Dorian Gray', 'Oscar Wilde', '30.00'),
  (215, 1215, 'A Revolta de Atlas', 'Ayn Rand', '35.00'),
  (216, 1216, 'O Estrangeiro', 'Albert Camus', '23.00'),
  (217, 1217, 'O Velho e o Mar', 'Ernest Hemingway', '28.00'),
  (218, 1218, 'A Guerra dos Tronos', 'George R.R. Martin', '42.00'),
  (219, 1219, 'O Silmarillion', 'J.R.R. Tolkien', '36.00'),
  (220, 1220, 'O Guia do Mochileiro das Galáxias', 'Douglas Adams', '24.00'),
  (221, 1221, 'Orgulho e Preconceito', 'Jane Austen', '28.00'),
  (222, 1222, 'A Redoma de Vidro', 'Sylvia Plath', '23.00'),
  (223, 1223, 'A Revolução Industrial', 'Eric Hobsbawm', '32.00'),
  (224, 1224, 'A Sangue Frio', 'Truman Capote', '30.00'),
  (225, 1225, 'A Sombra do Vento', 'Carlos Ruiz Zafón', '26.00'),
  (226, 1226, 'Anna Karenina', 'Liev Tolstói', '35.00'),
  (227, 1227, 'As Vinhas da Ira', 'John Steinbeck', '40.00'),
  (228, 1228, 'O Apanhador no Campo de Centeio', 'J.D. Salinger', '24.00'),
  (229, 1229, 'O Leão, a Feiticeira e o Guarda-Roupa', 'C.S. Lewis', '28.00'),
  (230, 1230, 'O Príncipe', 'Maquiavel', '22.00'),
  (231, 1231, 'O Processo', 'Franz Kafka', '26.00'),
  (232, 1232, 'O Retorno do Rei', 'J.R.R. Tolkien', '38.00'),
  (233, 1233, 'O Senhor das Moscas', 'William Golding', '30.00'),
  (234, 1234, 'O Vermelho e o Negro', 'Stendhal', '34.00'),
  (235, 1235, 'Os Homens que Não Amavam as Mulheres', 'Stieg Larsson', '32.00'),
  (236, 1236, 'Paraíso Perdido', 'John Milton', '26.00'),
  (237, 1237, 'Romeu e Julieta', 'William Shakespeare', '28.00'),
  (238, 1238, 'Sapiens: Uma Breve História da Humanidade', 'Yuval Noah Harari', '42.00'),
  (239, 1239, 'Ulisses', 'James Joyce', '36.00'),
  (240, 1240, 'Viagem ao Centro da Terra', 'Júlio Verne', '24.00'),
  (241, 1241, 'A Divina Comédia', 'Dante Alighieri', '30.00'),
  (242, 1242, 'A Irmã de Ana Bolena', 'Philippa Gregory', '25.00'),
  (243, 1243, 'A Máquina do Tempo', 'H.G. Wells', '28.00'),
  (244, 1244, 'A Menina que Roubava Livros', 'Markus Zusak', '32.00'),
  (245, 1245, 'A Revolução Russa', 'Sheila Fitzpatrick', '38.00'),
  (246, 1246, 'A Sociedade do Anel', 'J.R.R. Tolkien', '40.00'),
  (247, 1247, 'A Tempestade', 'William Shakespeare', '22.00'),
  (248, 1248, 'A Volta ao Mundo em 80 Dias', 'Júlio Verne', '26.00'),
  (249, 1249, 'Cidades de Papel', 'John Green', '24.00'),
  (250, 1250, 'Crime e Punição', 'Fiódor Dostoiévski', '34.00'),
  (251, 1251, 'Drácula', 'Bram Stoker', '36.00'),
  (252, 1252, 'Ensaio sobre a Cegueira', 'José Saramago', '30.00'),
  (253, 1253, 'Frankenstein', 'Mary Shelley', '28.00'),
  (254, 1254, 'Hamlet', 'William Shakespeare', '25.00'),
  (255, 1255, 'Ilíada', 'Homero', '32.00'),
  (256, 1256, 'Jane Eyre', 'Charlotte Brontë', '28.00'),
  (257, 1257, 'Laranja Mecânica', 'Anthony Burgess', '36.00'),
  (258, 1258, 'Macbeth', 'William Shakespeare', '26.00'),
  (259, 1259, 'Moby Dick', 'Herman Melville', '38.00'),
  (260, 1260, 'Mundo em Chamas', 'Maggie Hall', '40.00'),
  (261, 1261, 'O Corcunda de Notre-Dame', 'Victor Hugo', '30.00'),
  (262, 1262, 'O Diário de Anne Frank', 'Anne Frank', '24.00'),
  (263, 1263, 'O Médico e o Monstro', 'Robert Louis Stevenson', '28.00'),
  (264, 1264, 'O Morro dos Ventos Uivantes', 'Emily Brontë', '32.00'),
  (265, 1265, 'O Mundo Assombrado pelos Demônios', 'Carl Sagan', '38.00'),
  (266, 1266, 'O Primo Basílio', 'José Maria de Eça de Queirós', '36.00'),
  (267, 1267, 'O Senhor dos Anéis - As Duas Torres', 'J.R.R. Tolkien', '42.00'),
  (268, 1268, 'O Vento Levou', 'Margaret Mitchell', '40.00'),
  (269, 1269, 'Oliver Twist', 'Charles Dickens', '24.00'),
  (270, 1270, 'Os Miseráveis', 'Victor Hugo', '38.00'),
  (271, 1271, 'Os Três Mosqueteiros', 'Alexandre Dumas', '32.00'),
  (272, 1272, 'Peter Pan', 'J.M. Barrie', '28.00'),
  (273, 1273, 'Percy Jackson e os Olimpianos', 'Rick Riordan', '30.00'),
  (274, 1274, 'Sherlock Holmes', 'Arthur Conan Doyle', '26.00'),
  (275, 1275, 'Siddhartha', 'Hermann Hesse', '22.00'),
  (276, 1276, 'Sob o Sol da Toscana', 'Frances Mayes', '32.00'),
  (277, 1277, 'Sobre Meninos e Lobos', 'Dennis Lehane', '28.00'),
  (278, 1278, 'O Processo', 'Franz Kafka', '26.00'),
  (279, 1279, 'O Castelo', 'Franz Kafka', '30.00'),
  (280, 1280, 'A Cidade e as Serras', 'Eça de Queirós', '34.00'),
  (281, 1281, 'A Cor Púrpura', 'Alice Walker', '26.00'),
  (282, 1282, 'A Estrada', 'Cormac McCarthy', '28.00'),
  (283, 1283, 'A Garota no Trem', 'Paula Hawkins', '32.00'),
  (284, 1284, 'A Guerra do Fim do Mundo', 'Mario Vargas Llosa', '36.00'),
  (285, 1285, 'A Hospedeira', 'Stephenie Meyer', '30.00'),
  (286, 1286, 'A Ilha do Dr. Moreau', 'H.G. Wells', '28.00'),
  (287, 1287, 'A Insustentável Leveza do Ser', 'Milan Kundera', '34.00'),
  (288, 1288, 'A Menina do Vale', 'Bel Pesce', '26.00'),
  (289, 1289, 'A Metamorfose', 'Franz Kafka', '24.00'),
  (290, 1290, 'A Montanha Mágica', 'Thomas Mann', '38.00'),
  (291, 1291, 'A Morte de Ivan Ilitch', 'Leo Tolstoy', '32.00'),
  (292, 1292, 'A Náusea', 'Jean-Paul Sartre', '28.00'),
  (293, 1293, 'A Ordem do Tempo', 'Carlo Rovelli', '30.00'),
  (294, 1294, 'A Redescoberta da Mente', 'John Searle', '36.00'),
  (295, 1295, 'A Revolução dos Bichos', 'George Orwell', '40.00'),
  (296, 1296, 'A Sutil Arte de Ligar o F*da-se', 'Mark Manson', '26.00'),
  (297, 1297, 'A Tríade do Tempo', 'Christian Barbosa', '24.00'),
  (298, 1298, 'A Visita Cruel do Tempo', 'Jennifer Egan', '32.00'),
  (299, 1299, 'A Vontade de Poder', 'Friedrich Nietzsche', '28.00'),
  (300, 1300, 'Amor nos Tempos do Cólera', 'Gabriel García Márquez', '36.00'),
  (301, 1301, 'Angústia', 'Graciliano Ramos', '30.00'),
  (302, 1302, 'Anna e o Beijo Francês', 'Stephanie Perkins', '26.00'),
  (303, 1303, 'As Benevolentes', 'Jonathan Littell', '28.00'),
  (304, 1304, 'As Crônicas de Nárnia', 'C.S. Lewis', '34.00'),
  (305, 1305, 'As Ondas', 'Virginia Woolf', '36.00'),
  (306, 1306, 'Assassinato no Expresso do Oriente', 'Agatha Christie', '30.00'),
  (307, 1307, 'Aurora', 'J.M.G. Le Clézio', '24.00'),
  (308, 1308, 'Aventuras de Alice no País das Maravilhas', 'Lewis Carroll', '32.00'),
  (309, 1309, 'Cem Anos de Solidão', 'Gabriel García Márquez', '26.00'),
  (310, 1310, 'Como Fazer Amigos e Influenciar Pessoas', 'Dale Carnegie', '28.00'),
  (311, 1311, 'Contos Inacabados', 'J.R.R. Tolkien', '34.00'),
  (312, 1312, 'Crime e Castigo', 'Fiódor Dostoiévski', '36.00'),
  (313, 1313, 'De Volta à Cabana', 'Paul Young', '30.00'),
  (314, 1314, 'Dom Casmurro', 'Machado de Assis', '26.00'),
  (315, 1315, 'E Não Sobrou Nenhum', 'Agatha Christie', '24.00'),
  (316, 1316, 'Ensaio Sobre a Lucidez', 'José Saramago', '32.00'),
  (317, 1317, 'Eu, Robô', 'Isaac Asimov', '28.00'),
  (318, 1318, 'Fahrenheit 451', 'Ray Bradbury', '30.00'),
  (319, 1319, 'Fausto', 'Johann Wolfgang von Goethe', '36.00'),
  (320, 1320, 'Ficções', 'Jorge Luis Borges', '26.00'),
  (321, 1321, 'Flores para Algernon', 'Daniel Keyes', '28.00'),
  (322, 1322, 'Fortaleza Digital', 'Dan Brown', '32.00'),
  (323, 1323, 'Fundação', 'Isaac Asimov', '36.00'),
  (324, 1324, 'Germinal', 'Émile Zola', '30.00'),
  (325, 1325, 'Grande Sertão: Veredas', 'João Guimarães Rosa', '28.00'),
  (326, 1326, 'Guerra e Paz', 'Lev Tolstói', '34.00'),
  (327, 1327, 'Harry Potter e o Cálice de Fogo', 'J.K. Rowling', '36.00'),
  (328, 1328, 'Ilha do Medo', 'Dennis Lehane', '30.00'),
  (329, 1329, 'Ilíada', 'Homero', '26.00'),
  (330, 1330, 'Jogador Nº1', 'Ernest Cline', '32.00'),
  (331, 1331, 'Laços de Família', 'Clarice Lispector', '28.00'),
  (332, 1332, 'Laranja Mecânica', 'Anthony Burgess', '30.00'),
  (333, 1333, 'Lolita', 'Vladimir Nabokov', '36.00'),
  (334, 1334, 'Lutar ou Morrer', 'James Dashner', '26.00'),
  (335, 1335, 'Maus', 'Art Spiegelman', '24.00'),
  (336, 1336, 'Mentes Brilhantes, Mentes Treinadas', 'Augusto Cury', '32.00'),
  (337, 1337, 'Moby Dick', 'Herman Melville', '28.00'),
  (338, 1338, 'Mrs. Dalloway', 'Virginia Woolf', '30.00'),
  (339, 1339, 'Neuromancer', 'William Gibson', '36.00'),
  (340, 1340, 'Noites Brancas', 'Fiódor Dostoiévski', '26.00'),
  (341, 1341, 'O Aleph', 'Jorge Luis Borges', '28.00'),
  (342, 1342, 'O Amor nos Tempos do Ouro', 'Marina Carvalho', '34.00'),
  (343, 1343, 'O Castelo', 'Franz Kafka', '36.00'),
  (344, 1344, 'O Conde de Monte Cristo', 'Alexandre Dumas', '30.00'),
  (345, 1345, 'O Crime do Padre Amaro', 'José Maria de Eça de Queirós', '28.00'),
  (346, 1346, 'O Demônio e a Srta. Prym', 'Paulo Coelho', '32.00'),
  (347, 1347, 'O Estrangeiro', 'Albert Camus', '26.00'),
  (348, 1348, 'O Fantasma da Ópera', 'Gaston Leroux', '30.00'),
  (349, 1349, 'O Homem Duplicado', 'José Saramago', '28.00'),
  (350, 1350, 'O Homem Invisível', 'H.G. Wells', '36.00'),
  (351, 1351, 'O Iluminado', 'Stephen King', '26.00'),
  (352, 1352, 'O Labirinto dos Espíritos', 'Carlos Ruiz Zafón', '24.00'),
  (353, 1353, 'O Leão, a Feiticeira e o Guarda-Roupa', 'C.S. Lewis', '32.00'),
  (354, 1354, 'O Livro de Ouro da Mitologia', 'Thomas Bulfinch', '28.00'),
  (355, 1355, 'O Livro dos Baltimore', 'Joël Dicker', '30.00'),
  (356, 1356, 'O Lobo do Mar', 'Jack London', '36.00'),
  (357, 1357, 'O Médico', 'Noah Gordon', '26.00'),
  (358, 1358, 'O Mestre e Margarida', 'Mikhail Bulgakov', '28.00'),
  (359, 1359, 'O Mistério da Estrada de Sintra', 'Eça de Queirós', '34.00'),
  (360, 1360, 'O Mundo Assombrado pelos Demônios', 'Carl Sagan', '36.00'),
  (361, 1361, 'O Nome do Vento', 'Patrick Rothfuss', '32.00'),
  (362, 1362, 'O Oceano no Fim do Caminho', 'Neil Gaiman', '28.00'),
  (363, 1363, 'O Pequeno Príncipe', 'Antoine de Saint-Exupéry', '30.00'),
  (364, 1364, 'O Prisioneiro de Azkaban', 'J.K. Rowling', '36.00'),
  (365, 1365, 'O Processo', 'Franz Kafka', '26.00'),
  (366, 1366, 'O Retorno do Rei', 'J.R.R. Tolkien', '28.00'),
  (367, 1367, 'O Senhor dos Anéis - A Sociedade do Anel', 'J.R.R. Tolkien', '34.00'),
  (368, 1368, 'O Silmarillion', 'J.R.R. Tolkien', '36.00'),
  (369, 1369, 'O Sol é para Todos', 'Harper Lee', '30.00'),
  (370, 1370, 'O Tempo e o Vento', 'Érico Veríssimo', '28.00'),
  (371, 1371, 'O Testamento', 'John Grisham', '32.00'),
  (372, 1372, 'O Trono Vazio', 'Bernard Cornwell', '36.00'),
  (373, 1373, 'O Último dos Moicanos', 'James Fenimore Cooper', '26.00'),
  (374, 1374, 'Oliver Twist', 'Charles Dickens', '28.00'),
  (375, 1375, 'Omero', 'José Carlos Capinan', '34.00'),
  (376, 1376, 'Orgulho e Preconceito', 'Jane Austen', '36.00'),
  (377, 1377, 'Os Crimes ABC', 'Agatha Christie', '30.00'),
  (378, 1378, 'Os Homens que Não Amavam as Mulheres', 'Stieg Larsson', '28.00'),
  (379, 1379, 'Os Irmãos Karamázov', 'Fiódor Dostoiévski', '32.00'),
  (380, 1380, 'Os Miseráveis', 'Victor Hugo', '36.00'),
  (381, 1381, 'Os Trabalhadores do Mar', 'Victor Hugo', '26.00'),
  (382, 1382, 'Papillon', 'Henri Charrière', '28.00'),
  (383, 1383, 'Paraíso Perdido', 'John Milton', '34.00'),
  (384, 1384, 'Peter Pan', 'J.M. Barrie', '36.00'),
  (385, 1385, 'Pollyanna', 'Eleanor H. Porter', '30.00'),
  (386, 1386, 'Por Quem os Sinos Dobram', 'Ernest Hemingway', '28.00'),
  (387, 1387, 'Quem Mexeu no Meu Queijo?', 'Spencer Johnson', '32.00'),
  (388, 1388, 'Rebecca', 'Daphne du Maurier', '36.00'),
  (389, 1389, 'Retrato de Uma Senhora', 'Henry James', '26.00'),
  (390, 1390, 'São Bernardo', 'Graciliano Ramos', '28.00'),
  (391, 1391, 'Siddhartha', 'Hermann Hesse', '34.00'),
  (392, 1392, 'Simplesmente Acontece', 'Cecelia Ahern', '36.00'),
  (393, 1393, 'Sob o Sol da Toscana', 'Frances Mayes', '30.00'),
  (394, 1394, 'Sociedade do Anel', 'J.R.R. Tolkien', '28.00'),
  (395, 1395, 'Stoner', 'John Williams', '32.00'),
  (396, 1396, 'Tartufo', 'Molière', '36.00'),
  (397, 1397, 'Terra Sonâmbula', 'Mia Couto', '26.00'),
  (398, 1398, 'O Diário de Anne Frank', 'Anne Frank', '28.00'),
  (399, 1399, 'O Mundo é Plano', 'Thomas L. Friedman', '34.00'),
  (400, 1400, 'Viagem ao Centro da Terra', 'Júlio Verne', '36.00');

-- Inserir 10 seções diferentes na tabela secoes
INSERT INTO secoes (id, cod, nome, localizacao)
VALUES
  (1, 1001, 'Literatura Brasileira', 'A1'),
  (2, 1002, 'Ficção Científica', 'B2'),
  (3, 1003, 'Romance Histórico', 'C3'),
  (4, 1004, 'Poesia Contemporânea', 'D4'),
  (5, 1005, 'Fantasia Épica', 'E5'),
  (6, 1006, 'Não Ficção', 'F6'),
  (7, 1007, 'Mistério e Suspense', 'G7'),
  (8, 1008, 'Ciência e Tecnologia', 'H8'),
  (9, 1009, 'Artes e Fotografia', 'I9'),
  (10, 1010, 'História Mundial', 'J10');

-- Inserir 4 vendedores na tabela Vendedores
INSERT INTO vendedores (id, cod, nome)
VALUES
  (1, 2001, 'João Silva'),
  (2, 2002, 'Ana Oliveira'),
  (3, 2003, 'Carlos Santos'),
  (4, 2004, 'Maria Costa');

-- Inserir 30 vendas com 5 itens cada na tabela Vendas
-- As datas estão no formato YYYY-MM-DD e são fictícias
INSERT INTO vendas (id, cod, data_venda, numero, id_cliente, id_vendedor)
VALUES
  (1, 3001, '2023-01-15', 'VN001', 101, 1),
  (2, 3002, '2023-02-20', 'VN002', 102, 2),
  (3, 3003, '2023-03-25', 'VN003', 103, 3),
  (4, 3004, '2023-04-10', 'VN004', 104, 4),
  (5, 3005, '2023-05-05', 'VN005', 105, 1),
  (6, 3006, '2023-06-15', 'VN006', 106, 2),
  (7, 3007, '2023-07-20', 'VN007', 107, 3),
  (8, 3008, '2023-08-25', 'VN008', 108, 4),
  (9, 3009, '2023-09-10', 'VN009', 109, 1),
  (10, 3010, '2023-10-05', 'VN010', 110, 2),
  (11, 3011, '2023-11-15', 'VN011', 111, 3),
  (12, 3012, '2023-12-20', 'VN012', 112, 4),
  (13, 3013, '2024-01-25', 'VN013', 113, 1),
  (14, 3014, '2024-02-10', 'VN014', 114, 2),
  (15, 3015, '2024-03-05', 'VN015', 115, 3),
  (16, 3016, '2024-04-15', 'VN016', 116, 4),
  (17, 3017, '2024-05-20', 'VN017', 117, 1),
  (18, 3018, '2024-06-25', 'VN018', 118, 2),
  (19, 3019, '2024-07-10', 'VN019', 119, 3),
  (20, 3020, '2024-08-05', 'VN020', 120, 4),
  (21, 3021, '2024-09-15', 'VN021', 121, 1),
  (22, 3022, '2024-10-20', 'VN022', 122, 2),
  (23, 3023, '2024-11-25', 'VN023', 123, 3),
  (24, 3024, '2024-12-10', 'VN024', 124, 4),
  (25, 3025, '2025-01-05', 'VN025', 125, 1),
  (26, 3026, '2025-02-15', 'VN026', 126, 2),
  (27, 3027, '2025-03-20', 'VN027', 127, 3),
  (28, 3028, '2025-04-25', 'VN028', 128, 4),
  (29, 3029, '2025-05-10', 'VN029', 129, 1),
  (30, 3030, '2025-06-05', 'VN030', 130, 2);

-- Inserir 5 itens vendidos para cada venda na tabela Itens_Vendidos
-- Os preços são fictícios
INSERT INTO itens_vendidos (id, cod, sequencia, livro, quantidade, preco_unitario, preco_total)
VALUES
  (1, 4001, '001', 'Dom Casmurro', 2, 25, 50),
  (2, 4002, '002', 'Memórias Póstumas de Brás Cubas', 1, 30, 30),
  (3, 4003, '003', 'Capitães da Areia', 3, 20, 60),
  (4, 4004, '004', 'Gabriela, Cravo e Canela', 1, 35, 35),
  (5, 4005, '005', 'Vidas Secas', 2, 28, 56),
  (6, 4006, '001', 'Neuromancer', 1, 40, 40),
  (7, 4007, '002', 'Snow Crash', 2, 45, 90),
  (8, 4008, '003', 'Duna', 1, 50, 50),
  (9, 4009, '004', 'O Guia do Mochileiro das Galáxias', 3, 35, 105),
  (10, 4010, '005', 'Fundação', 2, 30, 60),
  (11, 4011, '001', 'Cem Anos de Solidão', 2, 38, 76),
  (12, 4012, '002', 'Crônica de uma Morte Anunciada', 1, 25, 25),
  (13, 4013, '003', 'O Amor nos Tempos do Cólera', 3, 32, 96),
  (14, 4014, '004', 'O Outono do Patriarca', 1, 28, 28),
  (15, 4015, '005', 'O General em Seu Labirinto', 2, 30, 60),
  (146, 4301, '001', 'Harry Potter e a Pedra Filosofal', 3, 28, 84),
  (147, 4302, '002', 'Harry Potter e a Câmara Secreta', 2, 30, 60),
  (148, 4303, '003', 'Harry Potter e o Prisioneiro de Azkaban', 1, 35, 35),
  (149, 4304, '004', 'Harry Potter e o Cálice de Fogo', 2, 40, 80),
  (150, 4305, '005', 'Harry Potter e a Ordem da Fênix', 1, 45, 45);

INSERT INTO clientes (id, cod, nome, telefone, cpf, total_compras) VALUES
(101, 1101, 'Ana Oliveira', '(11) 2345-6789', '111.222.333-44', 600),
(102, 1102, 'Carlos Silva', '(21) 8765-4321', '222.333.444-55', 900),
(103, 1103, 'Fernanda Santos', '(31) 5555-5555', '333.444.555-66', 1500),
(104, 1104, 'Ricardo Oliveira', '(11) 9876-5432', '444.555.666-77', 700),
(105, 1105, 'Juliana Silva', '(21) 1234-5678', '555.666.777-88', 1000),
(106, 1106, 'Marcos Santos', '(31) 8765-4321', '666.777.888-99', 1200),
(107, 1107, 'Cristina Oliveira', '(11) 8765-4321', '777.888.999-00', 800),
(108, 1108, 'Paulo Silva', '(21) 2345-6789', '888.999.000-11', 1100),
(109, 1109, 'Larissa Santos', '(31) 5555-5555', '999.000.111-22', 1300),
(110, 1110, 'Roberto Oliveira', '(11) 9876-5432', '000.111.222-33', 950),
(111, 1111, 'Camila Silva', '(21) 3456-7890', '111.222.333-44', 750),
(112, 1112, 'Rodrigo Santos', '(31) 5555-5555', '222.333.444-55', 1200),
(113, 1113, 'Mariana Oliveira', '(11) 8765-4321', '333.444.555-66', 950),
(114, 1114, 'Eduardo Silva', '(21) 1234-5678', '444.555.666-77', 1100),
(115, 1115, 'Patrícia Santos', '(31) 8765-4321', '555.666.777-88', 1300),
(116, 1116, 'Leonardo Oliveira', '(11) 9876-5432', '666.777.888-99', 900),
(117, 1117, 'Carolina Silva', '(21) 2345-6789', '777.888.999-00', 800),
(118, 1118, 'Gabriel Santos', '(31) 5555-5555', '888.999.000-11', 1000),
(119, 1119, 'Isabel Oliveira', '(11) 8765-4321', '999.000.111-22', 1200),
(120, 1120, 'Fábio Silva', '(21) 3456-7890', '000.111.222-33', 850),
(121, 1121, 'Natália Santos', '(31) 5555-5555', '111.222.333-44', 1100),
(122, 1122, 'Vinícius Oliveira', '(11) 9876-5432', '222.333.444-55', 900),
(123, 1123, 'Amanda Silva', '(21) 2345-6789', '333.444.555-66', 800),
(124, 1124, 'Hugo Santos', '(31) 8765-4321', '444.555.666-77', 950),
(125, 1125, 'Laura Oliveira', '(11) 3456-7890', '555.666.777-88', 1200),
(126, 1126, 'Felipe Silva', '(21) 1234-5678', '666.777.888-99', 1100),
(127, 1127, 'Beatriz Santos', '(31) 5555-5555', '777.888.999-00', 1000),
(128, 1128, 'Lucas Oliveira', '(11) 8765-4321', '888.999.000-11', 1300),
(129, 1129, 'Lívia Silva', '(21) 3456-7890', '999.000.111-22', 850),
(130, 1130, 'Robson Santos', '(31) 5555-5555', '000.111.222-33', 1200),
(131, 1131, 'Aline Oliveira', '(11) 2345-6789', '111.222.333-44', 750),
(132, 1132, 'Rafael Silva', '(21) 8765-4321', '222.333.444-55', 1200),
(133, 1133, 'Cecília Santos', '(31) 5555-5555', '333.444.555-66', 950),
(134, 1134, 'Renato Oliveira', '(11) 9876-5432', '444.555.666-77', 1100),
(135, 1135, 'Luiza Santos', '(21) 1234-5678', '555.666.777-88', 1300),
(136, 1136, 'Thiago Silva', '(31) 8765-4321', '666.777.888-99', 900),
(137, 1137, 'Vanessa Oliveira', '(11) 8765-4321', '777.888.999-00', 800),
(138, 1138, 'Erick Santos', '(21) 2345-6789', '888.999.000-11', 1000),
(139, 1139, 'Isabela Oliveira', '(11) 8765-4321', '999.000.111-22', 1200),
(140, 1140, 'André Silva', '(21) 3456-7890', '000.111.222-33', 850),
(141, 1141, 'Jéssica Santos', '(31) 5555-5555', '111.222.333-44', 1100),
(142, 1142, 'Matheus Oliveira', '(11) 9876-5432', '222.333.444-55', 900),
(143, 1143, 'Camilo Silva', '(21) 2345-6789', '333.444.555-66', 800),
(144, 1144, 'Luana Santos', '(31) 8765-4321', '444.555.666-77', 950),
(145, 1145, 'Gustavo Oliveira', '(11) 3456-7890', '555.666.777-88', 1200),
(146, 1146, 'Bruna Silva', '(21) 1234-5678', '666.777.888-99', 1100),
(147, 1147, 'Fábio Santos', '(31) 5555-5555', '777.888.999-00', 1000),
(148, 1148, 'Amanda Oliveira', '(11) 8765-4321', '888.999.000-11', 1300),
(149, 1149, 'Pedro Silva', '(21) 3456-7890', '999.000.111-22', 850),
(150, 1150, 'Mariana Santos', '(31) 5555-5555', '000.111.222-33', 1200),
(151, 1151, 'Raul Oliveira', '(11) 2345-6789', '111.222.333-44', 750),
(152, 1152, 'Amanda Silva', '(21) 8765-4321', '222.333.444-55', 1200),
(153, 1153, 'Lucas Santos', '(31) 5555-5555', '333.444.555-66', 950),
(154, 1154, 'Gabriela Oliveira', '(11) 9876-5432', '444.555.666-77', 1100),
(155, 1155, 'Fábio Santos', '(21) 1234-5678', '555.666.777-88', 1300),
(156, 1156, 'Clara Silva', '(31) 8765-4321', '666.777.888-99', 900),
(157, 1157, 'Ricardo Oliveira', '(11) 8765-4321', '777.888.999-00', 800),
(158, 1158, 'Luana Santos', '(21) 2345-6789', '888.999.000-11', 1000),
(159, 1159, 'Vinícius Oliveira', '(11) 8765-4321', '999.000.111-22', 1200),
(160, 1160, 'Carla Silva', '(21) 3456-7890', '000.111.222-33', 850),
(161, 1161, 'Gustavo Santos', '(11) 2345-6789', '111.222.333-44', 750),
(162, 1162, 'Lívia Oliveira', '(21) 8765-4321', '222.333.444-55', 1200),
(163, 1163, 'Thiago Silva', '(31) 5555-5555', '333.444.555-66', 950),
(164, 1164, 'Juliana Oliveira', '(11) 9876-5432', '444.555.666-77', 1100),
(165, 1165, 'Rodrigo Santos', '(21) 1234-5678', '555.666.777-88', 1300),
(166, 1166, 'Mariana Silva', '(31) 8765-4321', '666.777.888-99', 900),
(167, 1167, 'Carlos Oliveira', '(11) 8765-4321', '777.888.999-00', 800),
(168, 1168, 'Aline Santos', '(21) 2345-6789', '888.999.000-11', 1000),
(169, 1169, 'Felipe Oliveira', '(11) 8765-4321', '999.000.111-22', 1200),
(170, 1170, 'Camila Silva', '(21) 3456-7890', '000.111.222-33', 850),
(171, 1171, 'Renato Santos', '(31) 5555-5555', '111.222.333-44', 1100),
(172, 1172, 'Luiza Oliveira', '(11) 9876-5432', '222.333.444-55', 900),
(173, 1173, 'Ricardo Silva', '(21) 2345-6789', '333.444.555-66', 800),
(174, 1174, 'Patrícia Santos', '(31) 8765-4321', '444.555.666-77', 950),
(175, 1175, 'Gabriel Oliveira', '(11) 3456-7890', '555.666.777-88', 1200),
(176, 1176, 'Cecília Silva', '(21) 1234-5678', '666.777.888-99', 1100),
(177, 1177, 'Lucas Oliveira', '(31) 5555-5555', '777.888.999-00', 1000),
(178, 1178, 'Mariana Santos', '(11) 8765-4321', '888.999.000-11', 1300),
(179, 1179, 'Pedro Silva', '(21) 3456-7890', '999.000.111-22', 850),
(180, 1180, 'Laura Santos', '(31) 5555-5555', '000.111.222-33', 1200),
(181, 1181, 'Rafael Oliveira', '(11) 2345-6789', '111.222.333-44', 750),
(182, 1182, 'Isabel Silva', '(21) 8765-4321', '222.333.444-55', 1200),
(183, 1183, 'Matheus Santos', '(31) 5555-5555', '333.444.555-66', 950),
(184, 1184, 'Carolina Oliveira', '(11) 9876-5432', '444.555.666-77', 1100),
(185, 1185, 'Gabriel Silva', '(21) 1234-5678', '555.666.777-88', 1300),
(186, 1186, 'Amanda Santos', '(31) 8765-4321', '666.777.888-99', 900),
(187, 1187, 'Lucas Silva', '(11) 8765-4321', '777.888.999-00', 800),
(188, 1188, 'Cecília Santos', '(21) 2345-6789', '888.999.000-11', 1000),
(189, 1189, 'Felipe Silva', '(11) 8765-4321', '999.000.111-22', 1200),
(190, 1190, 'Mariana Silva', '(21) 3456-7890', '000.111.222-33', 850),
(191, 1191, 'Renato Santos', '(31) 5555-5555', '111.222.333-44', 1100),
(192, 1192, 'Luiza Oliveira', '(11) 9876-5432', '222.333.444-55', 900),
(193, 1193, 'Ricardo Silva', '(21) 2345-6789', '333.444.555-66', 800),
(194, 1194, 'Patrícia Santos', '(31) 8765-4321', '444.555.666-77', 950),
(195, 1195, 'Gabriel Oliveira', '(11) 3456-7890', '555.666.777-88', 1200),
(196, 1196, 'Cecília Silva', '(21) 1234-5678', '666.777.888-99', 1100),
(197, 1197, 'Lucas Oliveira', '(31) 5555-5555', '777.888.999-00', 1000),
(198, 1198, 'Mariana Santos', '(11) 8765-4321', '888.999.000-11', 1300),
(199, 1199, 'Pedro Silva', '(21) 3456-7890', '999.000.111-22', 850),
(200, 1200, 'Laura Santos', '(31) 5555-5555', '000.111.222-33', 1200);

INSERT INTO emprestimos (id, cod, data_emprestimo, data_devolucao, id_cliente, id_livro) VALUES
(1, 2001, '2023-01-01', '2023-01-15', 101, 1),
(2, 2002, '2023-02-05', '2023-02-20', 102, 3),
(3, 2003, '2023-03-10', '2023-03-25', 103, 5),
(4, 2004, '2023-04-15', '2023-04-30', 104, 7),
(5, 2005, '2023-05-20', '2023-06-04', 105, 9),
(6, 2006, '2023-06-25', '2023-07-10', 106, 11),
(7, 2007, '2023-07-30', '2023-08-14', 107, 13),
(8, 2008, '2023-08-05', '2023-08-20', 108, 15),
(9, 2009, '2023-09-10', '2023-09-25', 109, 17),
(10, 2010, '2023-10-15', '2023-10-30', 110, 19),
(11, 2011, '2023-11-05', '2023-11-20', 111, 2),
(12, 2012, '2023-12-10', '2023-12-25', 112, 4),
(13, 2013, '2024-01-15', '2024-01-30', 113, 6),
(14, 2014, '2024-02-20', '2024-03-06', 114, 8),
(15, 2015, '2024-03-25', '2024-04-09', 115, 10),
(16, 2016, '2024-04-30', '2024-05-15', 116, 12),
(17, 2017, '2024-05-05', '2024-05-20', 117, 14),
(18, 2018, '2024-06-10', '2024-06-25', 118, 16),
(19, 2019, '2024-07-15', '2024-07-30', 119, 18),
(20, 2020, '2024-08-20', '2024-09-04', 120, 20),
(21, 2021, '2024-09-25', '2024-10-10', 121, 22),
(22, 2022, '2024-10-15', '2024-10-30', 122, 24),
(23, 2023, '2024-11-20', '2024-12-05', 123, 26),
(24, 2024, '2024-12-25', '2025-01-09', 124, 28),
(25, 2025, '2025-01-30', '2025-02-14', 125, 30),
(26, 2026, '2025-02-05', '2025-02-20', 126, 32),
(27, 2027, '2025-03-10', '2025-03-25', 127, 34),
(28, 2028, '2025-04-15', '2025-04-30', 128, 36),
(29, 2029, '2025-05-20', '2025-06-04', 129, 38),
(30, 2030, '2025-06-25', '2025-07-10', 130, 40),
(31, 2031, '2025-07-15', '2025-07-30', 131, 42),
(32, 2032, '2025-08-20', '2025-09-04', 132, 44),
(33, 2033, '2025-09-25', '2025-10-10', 133, 46),
(34, 2034, '2025-10-15', '2025-10-30', 134, 48),
(35, 2035, '2025-11-20', '2025-12-05', 135, 50),
(36, 2036, '2025-12-25', '2026-01-09', 136, 52),
(37, 2037, '2026-01-30', '2026-02-14', 137, 54),
(38, 2038, '2026-02-05', '2026-02-20', 138, 56),
(39, 2039, '2026-03-10', '2026-03-25', 139, 58),
(40, 2040, '2026-04-15', '2026-04-30', 140, 60),
(41, 2041, '2026-05-20', '2026-06-04', 141, 62),
(42, 2042, '2026-06-25', '2026-07-10', 142, 64),
(43, 2043, '2026-07-30', '2026-08-14', 143, 66),
(44, 2044, '2026-08-05', '2026-08-20', 144, 68),
(45, 2045, '2026-09-10', '2026-09-25', 145, 70),
(46, 2046, '2026-10-15', '2026-10-30', 146, 72),
(47, 2047, '2026-11-20', '2026-12-05', 147, 74),
(48, 2048, '2026-12-25', '2027-01-09', 148, 76),
(49, 2049, '2027-01-30', '2027-02-14', 149, 78),
(50, 2050, '2027-02-05', '2027-02-20', 150, 80);

INSERT INTO reservas (id, cod, data_reserva, id_cliente, id_livro) VALUES
(1, 3001, '2023-01-01', 101, 1),
(2, 3002, '2023-02-05', 102, 3),
(3, 3003, '2023-03-10', 103, 5),
(4, 3004, '2023-04-15', 104, 7),
(5, 3005, '2023-05-20', 105, 9),
(6, 3006, '2023-06-25', 106, 11),
(7, 3007, '2023-07-30', 107, 13),
(8, 3008, '2023-08-05', 108, 15),
(9, 3009, '2023-09-10', 109, 17),
(10, 3010, '2023-10-15', 110, 19),
(11, 3011, '2023-11-20', 111, 2),
(12, 3012, '2023-12-25', 112, 4),
(13, 3013, '2024-01-30', 113, 6),
(14, 3014, '2024-03-05', 114, 8),
(15, 3015, '2024-04-10', 115, 10),
(16, 3016, '2024-05-15', 116, 12),
(17, 3017, '2024-06-20', 117, 14),
(18, 3018, '2024-07-25', 118, 16),
(19, 3019, '2024-08-30', 119, 18),
(20, 3020, '2024-10-05', 120, 20);

INSERT INTO fornecedores (id, cod, nome, telefone, email) VALUES
(1, 4001, 'Fornecedor A', '(11) 1234-5678', 'fornecedor_a@example.com'),
(2, 4002, 'Fornecedor B', '(21) 2345-6789', 'fornecedor_b@example.com'),
(3, 4003, 'Fornecedor C', '(31) 3456-7890', 'fornecedor_c@example.com'),
(4, 4004, 'Fornecedor D', '(41) 4567-8901', 'fornecedor_d@example.com'),
(5, 4005, 'Fornecedor E', '(51) 5678-9012', 'fornecedor_e@example.com'),
(6, 4006, 'Fornecedor F', '(61) 6789-0123', 'fornecedor_f@example.com'),
(7, 4007, 'Fornecedor G', '(71) 7890-1234', 'fornecedor_g@example.com'),
(8, 4008, 'Fornecedor H', '(81) 8901-2345', 'fornecedor_h@example.com'),
(9, 4009, 'Fornecedor I', '(91) 9012-3456', 'fornecedor_i@example.com'),
(10, 4010, 'Fornecedor J', '(101) 0123-4567', 'fornecedor_j@example.com');

INSERT INTO pedidos_fornecedores (id, cod, data_pedido, id_fornecedor, detalhes) VALUES
(1, 5001, '2023-01-01', 1, 'Detalhes do Pedido 1'),
(2, 5002, '2023-02-05', 2, 'Detalhes do Pedido 2'),
(3, 5003, '2023-03-10', 3, 'Detalhes do Pedido 3'),
(4, 5004, '2023-04-15', 4, 'Detalhes do Pedido 4'),
(5, 5005, '2023-05-20', 5, 'Detalhes do Pedido 5'),
(6, 5006, '2023-06-25', 6, 'Detalhes do Pedido 6'),
(7, 5007, '2023-07-30', 7, 'Detalhes do Pedido 7'),
(8, 5008, '2023-08-05', 8, 'Detalhes do Pedido 8'),
(9, 5009, '2023-09-10', 9, 'Detalhes do Pedido 9'),
(10, 5010, '2023-10-15', 10, 'Detalhes do Pedido 10'),
(11, 5011, '2023-11-20', 1, 'Detalhes do Pedido 11'),
(12, 5012, '2023-12-25', 2, 'Detalhes do Pedido 12'),
(13, 5013, '2024-01-30', 3, 'Detalhes do Pedido 13'),
(14, 5014, '2024-03-05', 4, 'Detalhes do Pedido 14'),
(15, 5015, '2024-04-10', 5, 'Detalhes do Pedido 15'),
(16, 5016, '2024-05-15', 6, 'Detalhes do Pedido 16'),
(17, 5017, '2024-06-20', 7, 'Detalhes do Pedido 17'),
(18, 5018, '2024-07-25', 8, 'Detalhes do Pedido 18'),
(19, 5019, '2024-08-30', 9, 'Detalhes do Pedido 19'),
(20, 5020, '2024-10-05', 10, 'Detalhes do Pedido 20');

