-- Inserir 100 livros fictícios adicionais na tabela livros
INSERT INTO livros (id, cod, titulo, autor, preco)
VALUES
  (201, 1201, 'A Revolução dos Bichos', 'George Orwell', '22.00'),
  (202, 1202, 'O Hobbit', 'J.R.R. Tolkien', '28.00'),
  (203, 1203, 'O Alquimista', 'Paulo Coelho', '25.00'),
  (204, 1204, 'As Crônicas de Nárnia', 'C.S. Lewis', '30.00'),
  (205, 1205, 'Crime e Castigo', 'Fiódor Dostoiévski', '35.00'),
  (206, 1206, 'O Iluminado', 'Stephen King', '40.00'),
  (207, 1207, 'Os Miseráveis', 'Victor Hugo', '45.00'),
  (208, 1208, 'A Metamorfose', 'Franz Kafka', '20.00'),
  (209, 1209, 'O Código Da Vinci', 'Dan Brown', '32.00'),
  (210, 1210, 'O Sol é para Todos', 'Harper Lee', '27.00'),
  (211, 1211, 'Matar um Rouxinol', 'Harper Lee', '27.00'),
  (212, 1212, 'O Nome do Vento', 'Patrick Rothfuss', '38.00'),
  (213, 1213, 'Memórias Póstumas de Brás Cubas', 'Machado de Assis', '26.00'),
  (214, 1214, 'O Retrato de Dorian Gray', 'Oscar Wilde', '30.00'),
  (215, 1215, 'A Revolta de Atlas', 'Ayn Rand', '35.00'),
  (216, 1216, 'O Estrangeiro', 'Albert Camus', '23.00'),
  (217, 1217, 'O Velho e o Mar', 'Ernest Hemingway', '28.00'),
  (218, 1218, 'A Guerra dos Tronos', 'George R.R. Martin', '42.00'),
  (219, 1219, 'O Silmarillion', 'J.R.R. Tolkien', '36.00'),
  (220, 1220, 'O Guia do Mochileiro das Galáxias', 'Douglas Adams', '24.00'),
  (221, 1221, 'Orgulho e Preconceito', 'Jane Austen', '28.00'),
  (222, 1222, 'A Redoma de Vidro', 'Sylvia Plath', '23.00'),
  (223, 1223, 'A Revolução Industrial', 'Eric Hobsbawm', '32.00'),
  (224, 1224, 'A Sangue Frio', 'Truman Capote', '30.00'),
  (225, 1225, 'A Sombra do Vento', 'Carlos Ruiz Zafón', '26.00'),
  (226, 1226, 'Anna Karenina', 'Liev Tolstói', '35.00'),
  (227, 1227, 'As Vinhas da Ira', 'John Steinbeck', '40.00'),
  (228, 1228, 'O Apanhador no Campo de Centeio', 'J.D. Salinger', '24.00'),
  (229, 1229, 'O Leão, a Feiticeira e o Guarda-Roupa', 'C.S. Lewis', '28.00'),
  (230, 1230, 'O Príncipe', 'Maquiavel', '22.00'),
  (231, 1231, 'O Processo', 'Franz Kafka', '26.00'),
  (232, 1232, 'O Retorno do Rei', 'J.R.R. Tolkien', '38.00'),
  (233, 1233, 'O Senhor das Moscas', 'William Golding', '30.00'),
  (234, 1234, 'O Vermelho e o Negro', 'Stendhal', '34.00'),
  (235, 1235, 'Os Homens que Não Amavam as Mulheres', 'Stieg Larsson', '32.00'),
  (236, 1236, 'Paraíso Perdido', 'John Milton', '26.00'),
  (237, 1237, 'Romeu e Julieta', 'William Shakespeare', '28.00'),
  (238, 1238, 'Sapiens: Uma Breve História da Humanidade', 'Yuval Noah Harari', '42.00'),
  (239, 1239, 'Ulisses', 'James Joyce', '36.00'),
  (240, 1240, 'Viagem ao Centro da Terra', 'Júlio Verne', '24.00'),
  (241, 1241, 'A Divina Comédia', 'Dante Alighieri', '30.00'),
  (242, 1242, 'A Irmã de Ana Bolena', 'Philippa Gregory', '25.00'),
  (243, 1243, 'A Máquina do Tempo', 'H.G. Wells', '28.00'),
  (244, 1244, 'A Menina que Roubava Livros', 'Markus Zusak', '32.00'),
  (245, 1245, 'A Revolução Russa', 'Sheila Fitzpatrick', '38.00'),
  (246, 1246, 'A Sociedade do Anel', 'J.R.R. Tolkien', '40.00'),
  (247, 1247, 'A Tempestade', 'William Shakespeare', '22.00'),
  (248, 1248, 'A Volta ao Mundo em 80 Dias', 'Júlio Verne', '26.00'),
  (249, 1249, 'Cidades de Papel', 'John Green', '24.00'),
  (250, 1250, 'Crime e Punição', 'Fiódor Dostoiévski', '34.00'),
  (251, 1251, 'Drácula', 'Bram Stoker', '36.00'),
  (252, 1252, 'Ensaio sobre a Cegueira', 'José Saramago', '30.00'),
  (253, 1253, 'Frankenstein', 'Mary Shelley', '28.00'),
  (254, 1254, 'Hamlet', 'William Shakespeare', '25.00'),
  (255, 1255, 'Ilíada', 'Homero', '32.00'),
  (256, 1256, 'Jane Eyre', 'Charlotte Brontë', '28.00'),
  (257, 1257, 'Laranja Mecânica', 'Anthony Burgess', '36.00'),
  (258, 1258, 'Macbeth', 'William Shakespeare', '26.00'),
  (259, 1259, 'Moby Dick', 'Herman Melville', '38.00'),
  (260, 1260, 'Mundo em Chamas', 'Maggie Hall', '40.00'),
  (261, 1261, 'O Corcunda de Notre-Dame', 'Victor Hugo', '30.00'),
  (262, 1262, 'O Diário de Anne Frank', 'Anne Frank', '24.00'),
  (263, 1263, 'O Médico e o Monstro', 'Robert Louis Stevenson', '28.00'),
  (264, 1264, 'O Morro dos Ventos Uivantes', 'Emily Brontë', '32.00'),
  (265, 1265, 'O Mundo Assombrado pelos Demônios', 'Carl Sagan', '38.00'),
  (266, 1266, 'O Primo Basílio', 'José Maria de Eça de Queirós', '36.00'),
  (267, 1267, 'O Senhor dos Anéis - As Duas Torres', 'J.R.R. Tolkien', '42.00'),
  (268, 1268, 'O Vento Levou', 'Margaret Mitchell', '40.00'),
  (269, 1269, 'Oliver Twist', 'Charles Dickens', '24.00'),
  (270, 1270, 'Os Miseráveis', 'Victor Hugo', '38.00'),
  (271, 1271, 'Os Três Mosqueteiros', 'Alexandre Dumas', '32.00'),
  (272, 1272, 'Peter Pan', 'J.M. Barrie', '28.00'),
  (273, 1273, 'Percy Jackson e os Olimpianos', 'Rick Riordan', '30.00'),
  (274, 1274, 'Sherlock Holmes', 'Arthur Conan Doyle', '26.00'),
  (275, 1275, 'Siddhartha', 'Hermann Hesse', '22.00'),
  (276, 1276, 'Sob o Sol da Toscana', 'Frances Mayes', '32.00'),
  (277, 1277, 'Sobre Meninos e Lobos', 'Dennis Lehane', '28.00'),
  (278, 1278, 'O Processo', 'Franz Kafka', '26.00'),
  (279, 1279, 'O Castelo', 'Franz Kafka', '30.00'),
  (280, 1280, 'A Cidade e as Serras', 'Eça de Queirós', '34.00'),
  (281, 1281, 'A Cor Púrpura', 'Alice Walker', '26.00'),
  (282, 1282, 'A Estrada', 'Cormac McCarthy', '28.00'),
  (283, 1283, 'A Garota no Trem', 'Paula Hawkins', '32.00'),
  (284, 1284, 'A Guerra do Fim do Mundo', 'Mario Vargas Llosa', '36.00'),
  (285, 1285, 'A Hospedeira', 'Stephenie Meyer', '30.00'),
  (286, 1286, 'A Ilha do Dr. Moreau', 'H.G. Wells', '28.00'),
  (287, 1287, 'A Insustentável Leveza do Ser', 'Milan Kundera', '34.00'),
  (288, 1288, 'A Menina do Vale', 'Bel Pesce', '26.00'),
  (289, 1289, 'A Metamorfose', 'Franz Kafka', '24.00'),
  (290, 1290, 'A Montanha Mágica', 'Thomas Mann', '38.00'),
  (291, 1291, 'A Morte de Ivan Ilitch', 'Leo Tolstoy', '32.00'),
  (292, 1292, 'A Náusea', 'Jean-Paul Sartre', '28.00'),
  (293, 1293, 'A Ordem do Tempo', 'Carlo Rovelli', '30.00'),
  (294, 1294, 'A Redescoberta da Mente', 'John Searle', '36.00'),
  (295, 1295, 'A Revolução dos Bichos', 'George Orwell', '40.00'),
  (296, 1296, 'A Sutil Arte de Ligar o F*da-se', 'Mark Manson', '26.00'),
  (297, 1297, 'A Tríade do Tempo', 'Christian Barbosa', '24.00'),
  (298, 1298, 'A Visita Cruel do Tempo', 'Jennifer Egan', '32.00'),
  (299, 1299, 'A Vontade de Poder', 'Friedrich Nietzsche', '28.00'),
  (300, 1300, 'Amor nos Tempos do Cólera', 'Gabriel García Márquez', '36.00'),
  (301, 1301, 'Angústia', 'Graciliano Ramos', '30.00'),
  (302, 1302, 'Anna e o Beijo Francês', 'Stephanie Perkins', '26.00'),
  (303, 1303, 'As Benevolentes', 'Jonathan Littell', '28.00'),
  (304, 1304, 'As Crônicas de Nárnia', 'C.S. Lewis', '34.00'),
  (305, 1305, 'As Ondas', 'Virginia Woolf', '36.00'),
  (306, 1306, 'Assassinato no Expresso do Oriente', 'Agatha Christie', '30.00'),
  (307, 1307, 'Aurora', 'J.M.G. Le Clézio', '24.00'),
  (308, 1308, 'Aventuras de Alice no País das Maravilhas', 'Lewis Carroll', '32.00'),
  (309, 1309, 'Cem Anos de Solidão', 'Gabriel García Márquez', '26.00'),
  (310, 1310, 'Como Fazer Amigos e Influenciar Pessoas', 'Dale Carnegie', '28.00'),
  (311, 1311, 'Contos Inacabados', 'J.R.R. Tolkien', '34.00'),
  (312, 1312, 'Crime e Castigo', 'Fiódor Dostoiévski', '36.00'),
  (313, 1313, 'De Volta à Cabana', 'Paul Young', '30.00'),
  (314, 1314, 'Dom Casmurro', 'Machado de Assis', '26.00'),
  (315, 1315, 'E Não Sobrou Nenhum', 'Agatha Christie', '24.00'),
  (316, 1316, 'Ensaio Sobre a Lucidez', 'José Saramago', '32.00'),
  (317, 1317, 'Eu, Robô', 'Isaac Asimov', '28.00'),
  (318, 1318, 'Fahrenheit 451', 'Ray Bradbury', '30.00'),
  (319, 1319, 'Fausto', 'Johann Wolfgang von Goethe', '36.00'),
  (320, 1320, 'Ficções', 'Jorge Luis Borges', '26.00'),
  (321, 1321, 'Flores para Algernon', 'Daniel Keyes', '28.00'),
  (322, 1322, 'Fortaleza Digital', 'Dan Brown', '32.00'),
  (323, 1323, 'Fundação', 'Isaac Asimov', '36.00'),
  (324, 1324, 'Germinal', 'Émile Zola', '30.00'),
  (325, 1325, 'Grande Sertão: Veredas', 'João Guimarães Rosa', '28.00'),
  (326, 1326, 'Guerra e Paz', 'Lev Tolstói', '34.00'),
  (327, 1327, 'Harry Potter e o Cálice de Fogo', 'J.K. Rowling', '36.00'),
  (328, 1328, 'Ilha do Medo', 'Dennis Lehane', '30.00'),
  (329, 1329, 'Ilíada', 'Homero', '26.00'),
  (330, 1330, 'Jogador Nº1', 'Ernest Cline', '32.00'),
  (331, 1331, 'Laços de Família', 'Clarice Lispector', '28.00'),
  (332, 1332, 'Laranja Mecânica', 'Anthony Burgess', '30.00'),
  (333, 1333, 'Lolita', 'Vladimir Nabokov', '36.00'),
  (334, 1334, 'Lutar ou Morrer', 'James Dashner', '26.00'),
  (335, 1335, 'Maus', 'Art Spiegelman', '24.00'),
  (336, 1336, 'Mentes Brilhantes, Mentes Treinadas', 'Augusto Cury', '32.00'),
  (337, 1337, 'Moby Dick', 'Herman Melville', '28.00'),
  (338, 1338, 'Mrs. Dalloway', 'Virginia Woolf', '30.00'),
  (339, 1339, 'Neuromancer', 'William Gibson', '36.00'),
  (340, 1340, 'Noites Brancas', 'Fiódor Dostoiévski', '26.00'),
  (341, 1341, 'O Aleph', 'Jorge Luis Borges', '28.00'),
  (342, 1342, 'O Amor nos Tempos do Ouro', 'Marina Carvalho', '34.00'),
  (343, 1343, 'O Castelo', 'Franz Kafka', '36.00'),
  (344, 1344, 'O Conde de Monte Cristo', 'Alexandre Dumas', '30.00'),
  (345, 1345, 'O Crime do Padre Amaro', 'José Maria de Eça de Queirós', '28.00'),
  (346, 1346, 'O Demônio e a Srta. Prym', 'Paulo Coelho', '32.00'),
  (347, 1347, 'O Estrangeiro', 'Albert Camus', '26.00'),
  (348, 1348, 'O Fantasma da Ópera', 'Gaston Leroux', '30.00'),
  (349, 1349, 'O Homem Duplicado', 'José Saramago', '28.00'),
  (350, 1350, 'O Homem Invisível', 'H.G. Wells', '36.00'),
  (351, 1351, 'O Iluminado', 'Stephen King', '26.00'),
  (352, 1352, 'O Labirinto dos Espíritos', 'Carlos Ruiz Zafón', '24.00'),
  (353, 1353, 'O Leão, a Feiticeira e o Guarda-Roupa', 'C.S. Lewis', '32.00'),
  (354, 1354, 'O Livro de Ouro da Mitologia', 'Thomas Bulfinch', '28.00'),
  (355, 1355, 'O Livro dos Baltimore', 'Joël Dicker', '30.00'),
  (356, 1356, 'O Lobo do Mar', 'Jack London', '36.00'),
  (357, 1357, 'O Médico', 'Noah Gordon', '26.00'),
  (358, 1358, 'O Mestre e Margarida', 'Mikhail Bulgakov', '28.00'),
  (359, 1359, 'O Mistério da Estrada de Sintra', 'Eça de Queirós', '34.00'),
  (360, 1360, 'O Mundo Assombrado pelos Demônios', 'Carl Sagan', '36.00'),
  (361, 1361, 'O Nome do Vento', 'Patrick Rothfuss', '32.00'),
  (362, 1362, 'O Oceano no Fim do Caminho', 'Neil Gaiman', '28.00'),
  (363, 1363, 'O Pequeno Príncipe', 'Antoine de Saint-Exupéry', '30.00'),
  (364, 1364, 'O Prisioneiro de Azkaban', 'J.K. Rowling', '36.00'),
  (365, 1365, 'O Processo', 'Franz Kafka', '26.00'),
  (366, 1366, 'O Retorno do Rei', 'J.R.R. Tolkien', '28.00'),
  (367, 1367, 'O Senhor dos Anéis - A Sociedade do Anel', 'J.R.R. Tolkien', '34.00'),
  (368, 1368, 'O Silmarillion', 'J.R.R. Tolkien', '36.00'),
  (369, 1369, 'O Sol é para Todos', 'Harper Lee', '30.00'),
  (370, 1370, 'O Tempo e o Vento', 'Érico Veríssimo', '28.00'),
  (371, 1371, 'O Testamento', 'John Grisham', '32.00'),
  (372, 1372, 'O Trono Vazio', 'Bernard Cornwell', '36.00'),
  (373, 1373, 'O Último dos Moicanos', 'James Fenimore Cooper', '26.00'),
  (374, 1374, 'Oliver Twist', 'Charles Dickens', '28.00'),
  (375, 1375, 'Omero', 'José Carlos Capinan', '34.00'),
  (376, 1376, 'Orgulho e Preconceito', 'Jane Austen', '36.00'),
  (377, 1377, 'Os Crimes ABC', 'Agatha Christie', '30.00'),
  (378, 1378, 'Os Homens que Não Amavam as Mulheres', 'Stieg Larsson', '28.00'),
  (379, 1379, 'Os Irmãos Karamázov', 'Fiódor Dostoiévski', '32.00'),
  (380, 1380, 'Os Miseráveis', 'Victor Hugo', '36.00'),
  (381, 1381, 'Os Trabalhadores do Mar', 'Victor Hugo', '26.00'),
  (382, 1382, 'Papillon', 'Henri Charrière', '28.00'),
  (383, 1383, 'Paraíso Perdido', 'John Milton', '34.00'),
  (384, 1384, 'Peter Pan', 'J.M. Barrie', '36.00'),
  (385, 1385, 'Pollyanna', 'Eleanor H. Porter', '30.00'),
  (386, 1386, 'Por Quem os Sinos Dobram', 'Ernest Hemingway', '28.00'),
  (387, 1387, 'Quem Mexeu no Meu Queijo?', 'Spencer Johnson', '32.00'),
  (388, 1388, 'Rebecca', 'Daphne du Maurier', '36.00'),
  (389, 1389, 'Retrato de Uma Senhora', 'Henry James', '26.00'),
  (390, 1390, 'São Bernardo', 'Graciliano Ramos', '28.00'),
  (391, 1391, 'Siddhartha', 'Hermann Hesse', '34.00'),
  (392, 1392, 'Simplesmente Acontece', 'Cecelia Ahern', '36.00'),
  (393, 1393, 'Sob o Sol da Toscana', 'Frances Mayes', '30.00'),
  (394, 1394, 'Sociedade do Anel', 'J.R.R. Tolkien', '28.00'),
  (395, 1395, 'Stoner', 'John Williams', '32.00'),
  (396, 1396, 'Tartufo', 'Molière', '36.00'),
  (397, 1397, 'Terra Sonâmbula', 'Mia Couto', '26.00'),
  (398, 1398, 'O Diário de Anne Frank', 'Anne Frank', '28.00'),
  (399, 1399, 'O Mundo é Plano', 'Thomas L. Friedman', '34.00'),
  (400, 1400, 'Viagem ao Centro da Terra', 'Júlio Verne', '36.00');

-- Inserir 10 seções diferentes na tabela secoes
INSERT INTO secoes (id, cod, nome, localizacao)
VALUES
  (1, 1001, 'Literatura Brasileira', 'A1'),
  (2, 1002, 'Ficção Científica', 'B2'),
  (3, 1003, 'Romance Histórico', 'C3'),
  (4, 1004, 'Poesia Contemporânea', 'D4'),
  (5, 1005, 'Fantasia Épica', 'E5'),
  (6, 1006, 'Não Ficção', 'F6'),
  (7, 1007, 'Mistério e Suspense', 'G7'),
  (8, 1008, 'Ciência e Tecnologia', 'H8'),
  (9, 1009, 'Artes e Fotografia', 'I9'),
  (10, 1010, 'História Mundial', 'J10');

-- Inserir 4 vendedores na tabela Vendedores
INSERT INTO vendedores (id, cod, nome)
VALUES
  (1, 2001, 'João Silva'),
  (2, 2002, 'Ana Oliveira'),
  (3, 2003, 'Carlos Santos'),
  (4, 2004, 'Maria Costa');

-- Inserir 30 vendas com 5 itens cada na tabela Vendas
-- As datas estão no formato YYYY-MM-DD e são fictícias
INSERT INTO vendas (id, cod, data_venda, numero, id_cliente, id_vendedor)
VALUES
  (1, 3001, '2023-01-15', 'VN001', 101, 1),
  (2, 3002, '2023-02-20', 'VN002', 102, 2),
  (3, 3003, '2023-03-25', 'VN003', 103, 3),
  (4, 3004, '2023-04-10', 'VN004', 104, 4),
  (5, 3005, '2023-05-05', 'VN005', 105, 1),
  (6, 3006, '2023-06-15', 'VN006', 106, 2),
  (7, 3007, '2023-07-20', 'VN007', 107, 3),
  (8, 3008, '2023-08-25', 'VN008', 108, 4),
  (9, 3009, '2023-09-10', 'VN009', 109, 1),
  (10, 3010, '2023-10-05', 'VN010', 110, 2),
  (11, 3011, '2023-11-15', 'VN011', 111, 3),
  (12, 3012, '2023-12-20', 'VN012', 112, 4),
  (13, 3013, '2024-01-25', 'VN013', 113, 1),
  (14, 3014, '2024-02-10', 'VN014', 114, 2),
  (15, 3015, '2024-03-05', 'VN015', 115, 3),
  (16, 3016, '2024-04-15', 'VN016', 116, 4),
  (17, 3017, '2024-05-20', 'VN017', 117, 1),
  (18, 3018, '2024-06-25', 'VN018', 118, 2),
  (19, 3019, '2024-07-10', 'VN019', 119, 3),
  (20, 3020, '2024-08-05', 'VN020', 120, 4),
  (21, 3021, '2024-09-15', 'VN021', 121, 1),
  (22, 3022, '2024-10-20', 'VN022', 122, 2),
  (23, 3023, '2024-11-25', 'VN023', 123, 3),
  (24, 3024, '2024-12-10', 'VN024', 124, 4),
  (25, 3025, '2025-01-05', 'VN025', 125, 1),
  (26, 3026, '2025-02-15', 'VN026', 126, 2),
  (27, 3027, '2025-03-20', 'VN027', 127, 3),
  (28, 3028, '2025-04-25', 'VN028', 128, 4),
  (29, 3029, '2025-05-10', 'VN029', 129, 1),
  (30, 3030, '2025-06-05', 'VN030', 130, 2);

-- Inserir 5 itens vendidos para cada venda na tabela Itens_Vendidos
-- Os preços são fictícios
INSERT INTO itens_vendidos (id, cod, sequencia, livro, quantidade, preco_unitario, preco_total)
VALUES
  (1, 4001, '001', 'Dom Casmurro', 2, 25, 50),
  (2, 4002, '002', 'Memórias Póstumas de Brás Cubas', 1, 30, 30),
  (3, 4003, '003', 'Capitães da Areia', 3, 20, 60),
  (4, 4004, '004', 'Gabriela, Cravo e Canela', 1, 35, 35),
  (5, 4005, '005', 'Vidas Secas', 2, 28, 56),
  (6, 4006, '001', 'Neuromancer', 1, 40, 40),
  (7, 4007, '002', 'Snow Crash', 2, 45, 90),
  (8, 4008, '003', 'Duna', 1, 50, 50),
  (9, 4009, '004', 'O Guia do Mochileiro das Galáxias', 3, 35, 105),
  (10, 4010, '005', 'Fundação', 2, 30, 60),
  (11, 4011, '001', 'Cem Anos de Solidão', 2, 38, 76),
  (12, 4012, '002', 'Crônica de uma Morte Anunciada', 1, 25, 25),
  (13, 4013, '003', 'O Amor nos Tempos do Cólera', 3, 32, 96),
  (14, 4014, '004', 'O Outono do Patriarca', 1, 28, 28),
  (15, 4015, '005', 'O General em Seu Labirinto', 2, 30, 60),
  (146, 4301, '001', 'Harry Potter e a Pedra Filosofal', 3, 28, 84),
  (147, 4302, '002', 'Harry Potter e a Câmara Secreta', 2, 30, 60),
  (148, 4303, '003', 'Harry Potter e o Prisioneiro de Azkaban', 1, 35, 35),
  (149, 4304, '004', 'Harry Potter e o Cálice de Fogo', 2, 40, 80),
  (150, 4305, '005', 'Harry Potter e a Ordem da Fênix', 1, 45, 45);


